Feature1,Feature2,Feature3,Feature4,Feature5,Target
52,55.15427434352692,46.297783943511966,0,19.548391571662492,0
93,23.55439766955899,54.85551299762886,1,5.603556094421597,0
15,54.86125954092192,54.354321213255865,0,13.89784716495461,0
72,44.22376579375525,48.99377729288119,1,14.04632986855017,1
61,39.84616999541062,42.10158230771439,1,1.0883751880671801,1
21,59.175144332613016,14.206998249752441,0,23.284456808676318,1
83,65.46499283743927,18.081435704730687,0,7.0370748975675435,1
87,63.96920178674298,54.927709426353964,0,17.5133255752333,0
75,37.41173715166042,40.321452982979494,0,3.857354261645083,0
75,45.36181436223178,10.459852580831482,0,22.58790514545926,0
88,54.96895147105346,15.073577143301605,0,4.929884540601712,1
24,64.63317690683539,43.17508845540279,0,0.10896806615175478,0
3,42.81238643232065,10.253079192310935,0,23.579072969624537,1
22,47.215115350042744,18.04040257087493,1,0.9572561054847526,1
53,33.40497538990958,37.436689468329305,0,3.8465363338503886,0
2,32.05690063878994,44.59475988463466,1,29.969723831882856,0
88,62.18788733591297,42.59806297513003,1,30.079495401039896,0
30,70.34360042856234,21.213465473027988,0,8.519972910552639,1
38,48.91984817629499,45.6089610673768,0,9.992300803905247,0
2,,21.862454374840006,0,5.950146636228576,1
64,55.424540375714514,26.269984907963387,0,3.4702277874619702,0
60,40.323203680923136,47.32457025590121,1,3.9848633455038973,1
21,55.42093408262621,42.48164495236073,1,11.163235799285063,1
33,73.07054849698955,52.4611705247089,1,13.958378736630772,0
76,49.46260941335073,42.88064461501717,0,15.681954162211486,1
58,73.4696548372101,38.41543016677358,0,15.588310318487418,1
22,10.703823438653835,14.683738391404624,0,0.9563694654031945,0
89,62.32853756562836,28.385790152971676,1,6.82049596573356,1
49,51.30570602357257,23.260118384086272,0,0.5928170644873779,0
91,45.51488974301199,22.199482168954177,0,7.974613156953929,1
59,51.37641164803254,58.65052773762228,0,5.825552749872836,0
42,20.186466280986608,29.65488623333802,0,21.866186642208014,0
92,46.70492168243732,54.602327758855665,0,4.321916194678851,1
60,55.3566885726762,41.556931299863145,1,1.2450597755245087,1
80,72.16841067112274,49.74056517708242,0,1.5430765454211937,1
15,42.22594672589529,35.1318546552596,0,14.334305470790937,1
62,37.87259595660218,38.845194231317954,1,,1
62,42.47364434623195,34.625884690943195,1,1.0660871224538544,0
47,,19.762149389902227,1,0.8785552166860509,1
62,54.93126664489527,46.12260576307526,1,12.072084716530998,0
51,42.05359694349442,24.03861812204279,0,0.7554608952579713,0
55,,11.215798321572692,0,17.251858538085813,1
64,,42.27361479535839,0,12.24999753130005,0
3,64.52967485799334,18.855533970352447,1,0.8484875058031206,0
51,39.469203591839715,57.02292921764572,0,,0
7,45.085067801033475,57.696428850129365,0,43.15458562058092,0
21,44.118377703017636,55.743219511022424,1,4.688375825522896,1
73,28.04727577801822,28.50793501277222,0,4.630552604753125,0
39,54.44180415596864,10.772830826443371,0,16.755754032826772,1
18,53.91582908269834,56.415928129386266,0,29.421645379632437,1
4,50.07670184963691,31.409207415865716,0,42.68773939601984,0
89,46.481192999372794,58.33274095218348,1,13.998992301163417,1
60,28.769438869243785,58.18099885446264,0,4.720209996191256,1
14,43.69032015851961,52.650472773368,0,0.8719399369795726,1
9,44.85928225209846,24.722444603479282,0,15.012425404546256,0
90,37.96584096167572,29.254886430096263,0,8.17360407561493,1
53,47.580714325009865,52.556833575842845,0,5.520331253049737,1
2,56.060762852218076,25.846100257813884,1,23.682376754780904,1
84,78.29278851815795,18.474637334304624,1,1.1788020797188024,0
92,,37.840063122917506,0,6.7850510937295425,1
60,53.86325586084146,56.80773870803905,1,0.11418589432541669,0
71,48.883311263507494,44.80148983374865,0,6.323543695829263,0
44,21.21843177051438,38.50305850446825,0,0.5795043106592578,0
8,49.602291868261744,14.858824688538427,0,,0
47,50.9034531491154,40.750361334958484,0,1.2502623200745626,0
35,86.94863168727929,59.50269250521316,0,10.475683864069715,0
78,47.114585528283165,17.0042007618262,0,13.705977175964728,1
81,54.523210135004184,35.91648261818683,0,8.755537772028685,0
36,49.47932345442135,53.86865359639777,0,32.74720209102377,1
50,,47.03843088771022,0,4.697965779202672,1
4,67.14234221772531,44.8507870497634,0,3.364691574205587,0
2,61.27899549030161,45.12420419935546,0,20.295025381702295,1
6,61.865479205645705,27.97455756098776,1,2.530820677318534,1
54,36.35918817807892,24.679592213224666,1,33.028701062519104,1
4,71.04191466404149,50.46805777392568,1,0.12228944358969307,1
54,,50.50566973395904,1,35.02526922879482,0
93,58.80285640700406,53.35361592900519,1,0.4411899861850189,1
63,82.85683438714968,55.66202762782356,0,22.17721229160009,0
18,35.14195512303968,35.56711994304689,1,7.501432503493904,1
90,41.50553405595842,35.07581473435998,0,49.56828607926033,1
44,,49.91475894833876,0,0.7666137595445494,0
34,42.44786518825701,42.49819653888826,1,8.071096637333488,1
74,26.74004853400801,45.098343862885166,0,34.83575221256005,1
62,51.02844462209041,49.789633471805054,1,7.40443933181044,1
14,34.06544429410843,54.50026709087832,1,9.926282903811874,0
95,57.10388645952772,26.89975784257679,0,11.899012381167742,1
48,36.20863648649295,28.7791476319972,0,6.061277556769509,0
15,73.24901607526309,14.69909699204345,0,9.876741730080221,1
72,,38.9140070498087,0,8.778258618057556,0
78,45.16907725691487,11.797113689837104,0,,0
87,62.202758260545046,33.27990090662301,1,0.46511461743480975,1
62,31.53703525349067,37.13223173537883,1,3.2984272589875845,1
40,53.41189901906194,24.32706260641422,0,30.03996005860931,0
85,69.60714131423643,39.541663028450536,0,,0
80,25.88775148158159,11.52501249695247,0,6.0817526195962,1
82,52.769507877984566,11.86740943746072,0,9.679330287389773,0
53,53.89824191372635,51.13002803298291,0,3.2487341989513014,1
24,,28.009532070563143,0,2.084041614360645,1
26,31.445739336828773,16.35302563259424,0,6.230585988040987,1
89,30.193150803735854,36.11216300274022,0,4.359535346167334,1
52,55.15427434352692,46.297783943511966,0,19.548391571662492,0
93,23.55439766955899,54.85551299762886,1,5.603556094421597,1
15,54.86125954092192,54.354321213255865,0,13.89784716495461,0
